time,open,high,low,close,volume,spread
2023-03-17,0.61958,0.62771,0.61762,0.62656,63461,0
2023-03-20,0.62766,0.62818,0.6229,0.62454,66861,0
2023-03-21,0.62445,0.62492,0.61673,0.61939,56574,0
2023-03-22,0.61931,0.62829,0.61715,0.62204,57724,0
2023-03-23,0.62211,0.62944,0.62148,0.62491,63026,0
2023-03-24,0.62469,0.62535,0.61918,0.62002,58996,0
2023-03-27,0.61932,0.62119,0.61809,0.61958,49605,0
2023-03-28,0.6196,0.62549,0.6195,0.62523,42250,0
2023-03-29,0.62512,0.62708,0.62149,0.62249,49331,0
2023-03-30,0.62248,0.62663,0.62034,0.62629,43913,0
2023-03-31,0.62621,0.62975,0.62374,0.6254,50271,0
2023-04-03,0.62544,0.62998,0.62078,0.62959,52243,0
2023-04-04,0.62957,0.63152,0.6274,0.63101,53852,0
2023-04-05,0.63049,0.638,0.62853,0.63178,51427,0
2023-04-06,0.63179,0.63244,0.62394,0.62436,38137,0
2023-04-07,0.62426,0.62702,0.62091,0.62562,36325,0
2023-04-10,0.62408,0.62563,0.61937,0.62191,44133,0
2023-04-11,0.62105,0.62339,0.61841,0.6192,42670,0
2023-04-12,0.61876,0.6242,0.61822,0.62145,49662,0
2023-04-13,0.62085,0.63149,0.62031,0.62961,44262,0
2023-04-14,0.62879,0.63148,0.61952,0.62089,46881,0
2023-04-17,0.61998,0.62114,0.61613,0.6181,38376,0
2023-04-18,0.61721,0.62246,0.61721,0.62083,37879,0
2023-04-19,0.6206,0.62257,0.61727,0.61992,39428,0
2023-04-20,0.61989,0.62058,0.61493,0.61767,43173,0
2023-04-21,0.61694,0.618,0.61265,0.61387,40475,0
2023-04-24,0.61363,0.61683,0.61255,0.61668,46610,0
2023-04-25,0.61652,0.61874,0.61328,0.61369,39528,0
2023-04-26,0.61366,0.61487,0.61119,0.6116,51334,0
2023-04-27,0.61165,0.61608,0.61136,0.61482,51838,0
2023-04-28,0.61472,0.61874,0.6124,0.61804,49305,0
2023-05-01,0.61693,0.61996,0.61575,0.61665,47823,0
2023-05-02,0.61668,0.62182,0.61615,0.62079,51743,0
2023-05-03,0.62078,0.62605,0.62044,0.62305,54266,0
2023-05-04,0.62264,0.62983,0.6207,0.62805,60763,0
2023-05-05,0.62786,0.63157,0.62632,0.62941,47333,0
2023-05-08,0.62837,0.63594,0.6283,0.63444,34991,0
2023-05-09,0.63432,0.63488,0.63182,0.63354,41687,0
2023-05-10,0.63339,0.63811,0.63242,0.63663,46441,0
2023-05-11,0.63653,0.63845,0.62889,0.6298,50862,0
2023-05-12,0.62979,0.63002,0.61823,0.61897,43850,0
2023-05-15,0.61859,0.62428,0.61859,0.624,39667,0
2023-05-16,0.6238,0.62598,0.62234,0.6231,43614,0
2023-05-17,0.62308,0.62732,0.62249,0.62481,42466,0
2023-05-18,0.62483,0.62693,0.6204,0.62255,46714,0
2023-05-19,0.62263,0.63055,0.62163,0.62748,48404,0
2023-05-22,0.62561,0.62921,0.62521,0.6287,46260,0
2023-05-23,0.6286,0.63026,0.6234,0.62478,48686,0
2023-05-24,0.62437,0.62566,0.60938,0.61121,59049,0
2023-05-25,0.6109,0.6114,0.60439,0.60625,49797,0
2023-05-26,0.60623,0.60965,0.60331,0.60462,46275,0
2023-05-29,0.60443,0.60708,0.60369,0.60544,26856,0
2023-05-30,0.60506,0.60666,0.60251,0.60433,48635,0
2023-05-31,0.60432,0.60495,0.59852,0.60205,48041,0
2023-06-01,0.60163,0.6077,0.59904,0.60708,48643,0
2023-06-02,0.60704,0.6111,0.6054,0.60579,49826,0
2023-06-05,0.60459,0.60853,0.60413,0.60703,44997,0
2023-06-06,0.60646,0.61002,0.60457,0.60782,44989,0
2023-06-07,0.60757,0.6097,0.60309,0.6037,48138,0
2023-06-08,0.60352,0.60992,0.60297,0.60942,45712,0
2023-06-09,0.60934,0.6139,0.60794,0.6129,39230,0
2023-06-12,0.61064,0.61526,0.61057,0.61218,41133,0
2023-06-13,0.61185,0.61778,0.61065,0.61495,48438,0
2023-06-14,0.61449,0.6236,0.61424,0.62064,49801,0
2023-06-15,0.62059,0.62428,0.61542,0.62347,44675,0
2023-06-16,0.62298,0.62476,0.621,0.62364,48883,0
2023-06-19,0.62214,0.62366,0.61914,0.61998,45293,0
2023-06-20,0.61996,0.62058,0.61341,0.61674,57675,0
2023-06-21,0.61631,0.62177,0.61523,0.62026,57614,0
2023-06-22,0.62012,0.62231,0.61739,0.61778,56825,0
2023-06-23,0.61751,0.61906,0.61172,0.61429,54243,0
2023-06-26,0.61358,0.6177,0.61299,0.61628,51612,0
2023-06-27,0.61601,0.62005,0.61448,0.61616,60211,0
2023-06-28,0.61616,0.61652,0.6069,0.60735,58106,0
2023-06-29,0.60744,0.61021,0.60505,0.60701,55893,0
2023-06-30,0.60697,0.61418,0.60591,0.61365,47458,0
2023-07-03,0.61232,0.61704,0.61232,0.61528,51850,0
2023-07-04,0.61504,0.62126,0.61411,0.61909,38676,0
2023-07-05,0.61903,0.62069,0.61754,0.61784,50529,0
2023-07-06,0.61778,0.62194,0.61324,0.61567,58413,0
2023-07-07,0.6155,0.62196,0.61505,0.62095,56825,0
2023-07-10,0.62026,0.6218,0.61664,0.62096,49160,0
2023-07-11,0.62071,0.62244,0.61669,0.6198,55924,0
2023-07-12,0.61981,0.63085,0.61825,0.62971,61826,0
2023-07-13,0.62933,0.63952,0.62878,0.63932,58195,0
2023-07-14,0.63919,0.64118,0.63643,0.63692,58568,0
2023-07-17,0.63598,0.63685,0.63083,0.63243,52120,0
2023-07-18,0.63172,0.6344,0.62598,0.62716,60725,0
2023-07-19,0.62717,0.63148,0.62251,0.62633,67157,0
2023-07-20,0.62628,0.63078,0.62131,0.62339,67547,0
2023-07-21,0.62315,0.62411,0.61638,0.61678,57961,0
2023-07-24,0.61676,0.62153,0.61559,0.62046,61404,0
2023-07-25,0.62036,0.62299,0.6186,0.62213,56812,0
2023-07-26,0.62211,0.62346,0.61821,0.62099,64665,0
2023-07-27,0.62091,0.62735,0.61744,0.61829,69088,0
2023-07-28,0.61835,0.61929,0.61208,0.61558,68689,0
2023-07-31,0.61398,0.62255,0.61354,0.62078,52743,0
2023-08-01,0.62079,0.6217,0.61311,0.61491,51694,0
2023-08-02,0.61478,0.61691,0.60684,0.608,57243,0
2023-08-03,0.60786,0.60973,0.60601,0.60773,62156,0
2023-08-04,0.60776,0.61332,0.607,0.60974,56458,0
2023-08-07,0.60875,0.61171,0.60758,0.61048,47827,0
2023-08-08,0.61053,0.611,0.60347,0.60658,49008,0
2023-08-09,0.60624,0.60947,0.60447,0.60511,48974,0
2023-08-10,0.60505,0.61181,0.60201,0.60206,56360,0
2023-08-11,0.60208,0.60246,0.5975,0.59836,51338,0
2023-08-14,0.59829,0.59924,0.59437,0.59753,52246,0
2023-08-15,0.59718,0.59965,0.59486,0.59509,59101,0
2023-08-16,0.59508,0.59932,0.59265,0.59375,56876,0
2023-08-17,0.59353,0.59638,0.5903,0.59246,57773,0
2023-08-18,0.5923,0.59469,0.59093,0.59214,52654,0
2023-08-21,0.59266,0.59339,0.58966,0.59266,45563,0
2023-08-22,0.59253,0.59718,0.5915,0.59459,46573,0
2023-08-23,0.59417,0.59852,0.59271,0.59785,49429,0
2023-08-24,0.59788,0.59802,0.5916,0.5923,53186,0
2023-08-25,0.59213,0.59424,0.58862,0.59023,52477,0
2023-08-28,0.58976,0.59257,0.5894,0.59103,47502,0
2023-08-29,0.59103,0.59774,0.58873,0.59701,52151,0
2023-08-30,0.59701,0.60066,0.59396,0.5955,57215,0
2023-08-31,0.59518,0.59772,0.59307,0.59661,51742,0
2023-09-01,0.59645,0.60149,0.59343,0.59385,53324,0
2023-09-04,0.59337,0.5961,0.59318,0.59387,30012,0
2023-09-05,0.59385,0.5943,0.58591,0.58834,49309,0
2023-09-06,0.58805,0.59038,0.58592,0.58716,54156,0
2023-09-07,0.58712,0.58942,0.58622,0.58758,45931,0
2023-09-08,0.58752,0.5918,0.58682,0.58846,41194,0
2023-09-11,0.58883,0.5935,0.58783,0.59188,44775,0
2023-09-12,0.59167,0.59219,0.5889,0.59029,44191,0
2023-09-13,0.59011,0.59269,0.58797,0.59178,51721,0
2023-09-14,0.59148,0.59445,0.59013,0.59115,51332,0
2023-09-15,0.59111,0.59373,0.58928,0.5899,48431,0
2023-09-18,0.58921,0.59212,0.58921,0.59161,37220,0
2023-09-19,0.5916,0.59478,0.58987,0.59364,39515,0
2023-09-20,0.59358,0.59854,0.59205,0.59282,48501,0
2023-09-21,0.59253,0.59512,0.58956,0.59311,48023,0
2023-09-22,0.59308,0.59888,0.59191,0.59605,42081,0
2023-09-25,0.59585,0.59743,0.5943,0.59666,44478,0
2023-09-26,0.59668,0.59734,0.59362,0.59443,46800,0
2023-09-27,0.59445,0.59567,0.58996,0.59224,50442,0
2023-09-28,0.59213,0.59732,0.59114,0.59622,54894,0
2023-09-29,0.59615,0.60489,0.5952,0.59981,57935,0
2023-10-02,0.59924,0.6008,0.5943,0.59465,54638,0
2023-10-03,0.59448,0.59545,0.58875,0.59087,61051,0
2023-10-04,0.59072,0.59252,0.58709,0.59124,58783,0
2023-10-05,0.59107,0.59679,0.59071,0.59658,57867,0
2023-10-06,0.59649,0.60036,0.59233,0.59893,55879,0
2023-10-09,0.5965,0.60279,0.59604,0.6022,50558,0
2023-10-10,0.60197,0.60487,0.59981,0.60458,55399,0
2023-10-11,0.60422,0.60553,0.60069,0.60206,58422,0
2023-10-12,0.60189,0.60258,0.59252,0.59255,59008,0
2023-10-13,0.59239,0.59287,0.58834,0.58855,60544,0
2023-10-16,0.59127,0.59296,0.58926,0.59272,51549,0
2023-10-17,0.59237,0.59284,0.5871,0.58968,55774,0
2023-10-18,0.58958,0.59197,0.58511,0.58556,62224,0
2023-10-19,0.58553,0.58668,0.58158,0.58481,67132,0
2023-10-20,0.58453,0.58486,0.58168,0.58277,55575,0
2023-10-23,0.58173,0.58579,0.58075,0.58455,47345,0
2023-10-24,0.58419,0.58724,0.5829,0.58441,51864,0
2023-10-25,0.5844,0.587,0.58005,0.5801,53929,0
2023-10-26,0.58007,0.58296,0.57732,0.58196,61145,0
2023-10-27,0.58204,0.5844,0.58053,0.58098,53792,0
2023-10-30,0.58085,0.58449,0.58045,0.58441,46262,0
2023-10-31,0.5843,0.58573,0.58037,0.58248,55572,0
2023-11-01,0.58242,0.58585,0.57889,0.58463,63447,0
2023-11-02,0.58449,0.5917,0.58265,0.58977,53928,0
2023-11-03,0.58978,0.60006,0.58844,0.59973,52621,0
2023-11-06,0.59898,0.60019,0.59594,0.59637,47564,0
2023-11-07,0.59633,0.59666,0.59111,0.5935,49881,0
2023-11-08,0.59349,0.5942,0.59063,0.59114,48644,0
2023-11-09,0.59093,0.59548,0.58928,0.58934,52152,0
2023-11-10,0.58903,0.59047,0.58784,0.58899,44963,0
2023-11-13,0.58799,0.58985,0.58702,0.58765,38108,0
2023-11-14,0.58761,0.60135,0.58636,0.60078,48156,0
2023-11-15,0.60032,0.60544,0.59933,0.6023,51255,0
2023-11-16,0.60223,0.60296,0.59636,0.59705,51110,0
2023-11-17,0.59706,0.59973,0.59403,0.59903,49926,0
2023-11-20,0.59803,0.6043,0.59764,0.60361,53307,0
2023-11-21,0.60338,0.60859,0.60215,0.60485,58614,0
2023-11-22,0.60485,0.60641,0.59962,0.60216,56339,0
2023-11-23,0.60202,0.60663,0.60117,0.60488,38077,0
2023-11-24,0.60471,0.60899,0.60395,0.6082,38633,0
2023-11-27,0.60765,0.61074,0.6061,0.6098,47944,0
2023-11-28,0.60975,0.61469,0.608,0.61377,55386,0
2023-11-29,0.61355,0.62081,0.6128,0.61558,67520,0
2023-11-30,0.6155,0.61823,0.61208,0.61539,67230,0
2023-12-01,0.61527,0.621,0.61433,0.62099,62807,0
2023-12-04,0.61904,0.62224,0.6151,0.61642,66983,0
2023-12-05,0.61642,0.61742,0.61255,0.61291,66977,0
2023-12-06,0.61283,0.61768,0.61259,0.61378,53527,0
2023-12-07,0.61356,0.61932,0.61132,0.61693,64541,0
2023-12-08,0.61688,0.61749,0.61038,0.612,66739,0
2023-12-11,0.61083,0.61322,0.6105,0.61232,52565,0
2023-12-12,0.61229,0.61695,0.6105,0.6133,53305,0
2023-12-13,0.61325,0.62135,0.60842,0.61731,60567,0
2023-12-14,0.61742,0.62496,0.61611,0.62056,83878,0
2023-12-15,0.6205,0.62295,0.61776,0.62075,64550,0
2023-12-18,0.62,0.62511,0.61773,0.62117,52396,0
2023-12-19,0.62052,0.62726,0.62027,0.62718,52631,0
2023-12-20,0.62705,0.62986,0.62464,0.62473,54401,0
2023-12-21,0.62469,0.6296,0.6233,0.62946,61962,0
2023-12-22,0.62931,0.63181,0.62565,0.62954,59270,0
2023-12-26,0.62989,0.63319,0.62761,0.63265,37208,0
2023-12-27,0.63246,0.63488,0.63111,0.63399,42921,0
2023-12-28,0.63343,0.63693,0.63242,0.63322,54206,0
2023-12-29,0.63311,0.63589,0.63047,0.63179,53515,0
2024-01-02,0.6318,0.63236,0.62488,0.62504,57549,0
2024-01-03,0.62515,0.6276,0.62188,0.62463,65075,0
2024-01-04,0.6247,0.62854,0.62211,0.62354,64733,0
2024-01-05,0.62323,0.62774,0.61808,0.62431,70545,0
2024-01-08,0.62288,0.62609,0.62123,0.62499,53479,0
2024-01-09,0.62484,0.6267,0.62256,0.62387,55223,0
2024-01-10,0.62378,0.62543,0.62157,0.6227,51593,0
2024-01-11,0.6225,0.62586,0.61956,0.62331,66017,0
2024-01-12,0.62308,0.62778,0.62246,0.62403,55688,0
2024-01-15,0.62343,0.62421,0.61831,0.62008,36462,0
2024-01-16,0.61936,0.62021,0.61264,0.61378,66074,0
2024-01-17,0.61364,0.61516,0.60881,0.61161,65460,0
2024-01-18,0.61069,0.61358,0.60925,0.61155,60151,0
2024-01-19,0.61154,0.61265,0.60896,0.61151,51693,0
2024-01-22,0.61079,0.6139,0.6072,0.60762,49535,0
2024-01-23,0.60766,0.61172,0.60617,0.6102,53578,0
2024-01-24,0.60937,0.61487,0.60819,0.61116,53385,0
2024-01-25,0.61038,0.61326,0.60999,0.61104,54481,0
2024-01-26,0.61067,0.61202,0.60902,0.60916,44992,0
2024-01-29,0.60795,0.61436,0.6079,0.61322,39739,0
2024-01-30,0.61319,0.61494,0.61052,0.6136,46203,0
2024-01-31,0.61355,0.61736,0.61012,0.61166,65241,0
2024-02-01,0.6114,0.61446,0.60797,0.61437,61065,0
2024-02-02,0.61422,0.61608,0.60586,0.60634,54288,0
2024-02-05,0.60654,0.60818,0.60382,0.60547,51569,0
2024-02-06,0.6045,0.60994,0.60437,0.60976,49560,0
2024-02-07,0.60971,0.61249,0.60869,0.61125,50189,0
2024-02-08,0.61116,0.61235,0.60788,0.60966,46753,0
2024-02-09,0.60943,0.61584,0.60905,0.61495,43998,0
2024-02-12,0.6139,0.6152,0.61202,0.61294,40956,0
2024-02-13,0.61284,0.61312,0.60495,0.60605,52147,0
2024-02-14,0.60588,0.60922,0.6051,0.60857,48145,0
2024-02-15,0.60858,0.61274,0.60753,0.61059,44899,0
2024-02-16,0.61047,0.61359,0.6086,0.61233,44397,0
2024-02-19,0.61191,0.61523,0.61173,0.61497,32987,0
2024-02-20,0.61494,0.6191,0.61291,0.61641,47196,0
2024-02-21,0.61635,0.61979,0.61521,0.61797,43053,0
2024-02-22,0.61778,0.6218,0.61646,0.6195,51357,0
2024-02-23,0.61939,0.6211,0.61805,0.61967,40666,0
2024-02-26,0.61931,0.61951,0.61623,0.61726,41967,0
2024-02-27,0.61718,0.61781,0.61513,0.61704,40171,0
2024-02-28,0.61691,0.61776,0.60819,0.60983,49755,0
2024-02-29,0.60985,0.61119,0.60766,0.60866,53196,0
2024-03-01,0.60834,0.61119,0.6072,0.61071,51895,0
2024-03-04,0.61068,0.61113,0.6088,0.60943,37693,0
2024-03-05,0.60921,0.61097,0.60709,0.60866,51923,0
2024-03-06,0.60856,0.61439,0.60687,0.61293,50406,0
2024-03-07,0.61285,0.6176,0.61239,0.61739,54659,0
2024-03-08,0.61738,0.62165,0.61611,0.61757,58803,0
2024-03-11,0.6173,0.61823,0.61602,0.61697,57509,0
2024-03-12,0.61709,0.61842,0.61353,0.61501,77351,0
2024-03-13,0.61459,0.61699,0.61343,0.61575,57283,0
2024-03-14,0.61566,0.61752,0.61214,0.61305,69104,0
2024-03-15,0.61304,0.61325,0.60807,0.6084,55840,0
2024-03-18,0.60854,0.61001,0.60775,0.60854,49603,0
2024-03-19,0.60852,0.60866,0.60338,0.60515,62964,0
2024-03-20,0.60518,0.60851,0.60245,0.60811,72161,0
2024-03-21,0.60795,0.61067,0.60383,0.60437,73220,0
2024-03-22,0.60433,0.60518,0.59892,0.59934,62897,0
2024-03-25,0.59976,0.60128,0.59821,0.60034,48836,0
2024-03-26,0.60036,0.60307,0.59961,0.60043,52598,0
2024-03-27,0.60045,0.60105,0.59876,0.60044,54540,0
2024-03-28,0.60045,0.6005,0.59563,0.59721,59739,0
2024-03-29,0.59722,0.59885,0.59667,0.59756,16550,0
2024-04-01,0.59746,0.59927,0.59392,0.59533,47300,0
2024-04-02,0.59532,0.59732,0.59431,0.59715,54847,0
2024-04-03,0.59703,0.60111,0.59522,0.60087,57181,0
2024-04-04,0.60073,0.60466,0.60017,0.60258,49254,0
2024-04-05,0.6025,0.6031,0.59853,0.60119,67374,0
2024-04-08,0.6006,0.60386,0.59964,0.60318,58620,0
2024-04-09,0.60276,0.60768,0.6026,0.60594,47579,0
2024-04-10,0.60555,0.60828,0.59657,0.59745,90599,0
2024-04-11,0.59755,0.60146,0.59682,0.59965,90544,0
2024-04-12,0.59971,0.60102,0.59336,0.59364,71886,0
2024-04-15,0.59383,0.59535,0.58982,0.59032,85908,0
2024-04-16,0.59024,0.59073,0.58679,0.58805,92960,0
2024-04-17,0.58792,0.59252,0.58601,0.59166,77638,0
2024-04-18,0.59138,0.59329,0.58986,0.59021,67360,0
2024-04-19,0.5902,0.59062,0.5852,0.58876,100773,0
2024-04-22,0.58809,0.59284,0.58794,0.59195,60738,0
2024-04-23,0.59187,0.5948,0.59022,0.59321,58199,0
2024-04-24,0.59316,0.5952,0.59203,0.59356,56789,0
2024-04-25,0.5934,0.59682,0.59197,0.59483,68928,0
2024-04-26,0.59455,0.59695,0.59288,0.59388,64142,0
2024-04-29,0.59432,0.59844,0.59336,0.59777,65250,0
2024-04-30,0.59757,0.59796,0.58859,0.58866,56185,0
2024-05-01,0.58854,0.59397,0.58739,0.59294,61679,0
2024-05-02,0.59242,0.59678,0.59133,0.59617,66795,0
2024-05-03,0.59582,0.60481,0.59467,0.60099,72752,0
2024-05-06,0.60084,0.60319,0.59955,0.60105,38367,0
2024-05-07,0.60019,0.60246,0.5995,0.60022,44365,0
2024-05-08,0.60015,0.60045,0.59809,0.60041,35692,1
2024-05-09,0.60035,0.6035,0.59925,0.60345,42068,1
2024-05-10,0.6027,0.604,0.60087,0.60183,42386,1
2024-05-13,0.60102,0.60309,0.60002,0.60168,47770,0
2024-05-14,0.60136,0.60426,0.59942,0.60413,52699,0
2024-05-15,0.60335,0.61244,0.60272,0.61218,60158,0
2024-05-16,0.61144,0.61403,0.60952,0.61222,52261,0
2024-05-17,0.6118,0.61395,0.6101,0.61333,42069,0
2024-05-20,0.61242,0.61375,0.60963,0.61055,50130,0
2024-05-21,0.61027,0.61103,0.60873,0.60912,54106,1
2024-05-22,0.6089,0.61522,0.60827,0.60963,64031,1
2024-05-23,0.60927,0.61336,0.60885,0.6099,70228,0
2024-05-24,0.60985,0.61264,0.60872,0.61204,52024,1
2024-05-27,0.61014,0.61534,0.61014,0.61498,30221,0
2024-05-28,0.61396,0.61701,0.61372,0.61408,56863,1
2024-05-29,0.61372,0.61475,0.61113,0.61151,64055,1
2024-05-30,0.61132,0.61313,0.60885,0.61145,67109,0
2024-05-31,0.61098,0.61655,0.61091,0.61436,71385,0
2024-06-03,0.61271,0.6193,0.61259,0.61925,76019,0
2024-06-04,0.6189,0.61981,0.61554,0.61767,83937,0
2024-06-05,0.61755,0.61982,0.617,0.61923,65898,1
2024-06-06,0.61892,0.62152,0.61735,0.62003,59495,1
2024-06-07,0.61949,0.62034,0.61014,0.61015,71096,1
2024-06-10,0.61006,0.61284,0.60993,0.61282,52561,1
2024-06-11,0.61261,0.615,0.61175,0.61435,52470,1
2024-06-12,0.61381,0.62218,0.61336,0.61854,83946,1
2024-06-13,0.61844,0.61987,0.61599,0.6168,65272,0
2024-06-14,0.61665,0.61698,0.61157,0.61414,75158,1
2024-06-17,0.61227,0.61407,0.61044,0.61307,56396,0
2024-06-18,0.613,0.61481,0.60969,0.6144,66123,0
2024-06-19,0.61415,0.61458,0.61282,0.61309,34557,0
2024-06-20,0.61304,0.61476,0.61115,0.61194,59101,0
2024-06-21,0.61183,0.61342,0.6109,0.61181,55189,0
2024-06-24,0.61058,0.61402,0.61045,0.61246,48776,0
2024-06-25,0.6115,0.61305,0.61075,0.61211,47753,0
2024-06-26,0.61113,0.61279,0.60739,0.60821,56535,0
2024-06-27,0.60688,0.61084,0.6066,0.60825,53456,0
2024-06-28,0.60807,0.61048,0.60574,0.60907,63088,0
2024-07-01,0.6092,0.61073,0.60648,0.60753,59029,0
2024-07-02,0.60669,0.60827,0.60473,0.60781,55274,0
2024-07-03,0.60754,0.61289,0.60694,0.61033,49151,1
2024-07-04,0.60982,0.61227,0.60982,0.61162,29466,1
2024-07-05,0.61122,0.61489,0.6105,0.61448,58907,0
2024-07-08,0.6132,0.61533,0.61231,0.61253,42103,0
2024-07-09,0.61226,0.61326,0.61119,0.61254,42249,0
2024-07-10,0.61233,0.61317,0.60648,0.60814,44719,0
2024-07-11,0.60808,0.61346,0.60782,0.60951,66310,0
2024-07-12,0.60898,0.6126,0.60763,0.61185,62419,0
2024-07-15,0.61061,0.61098,0.60727,0.60747,52187,0
2024-07-16,0.60725,0.60766,0.6036,0.60497,49911,0
2024-07-17,0.60464,0.60973,0.60337,0.6082,62429,0
2024-07-18,0.60735,0.60828,0.60433,0.60449,59832,0
2024-07-19,0.60443,0.60482,0.60055,0.60083,51858,0
2024-07-22,0.6007,0.60279,0.59716,0.59784,47892,0
2024-07-23,0.59727,0.59807,0.59505,0.59558,40261,0
2024-07-24,0.59516,0.5957,0.59134,0.59301,51055,0
2024-07-25,0.59283,0.59319,0.58809,0.58867,70675,0
2024-07-26,0.58782,0.59056,0.58779,0.58873,44012,0
2024-07-29,0.58872,0.59004,0.58576,0.58758,40569,0
2024-07-30,0.58675,0.59055,0.58601,0.59031,44171,1
2024-07-31,0.59015,0.59617,0.58843,0.59508,77256,0
2024-08-01,0.59443,0.59818,0.59317,0.59497,69566,0
2024-08-02,0.59425,0.59846,0.59303,0.59574,85218,0
2024-08-05,0.59372,0.59713,0.58498,0.5939,171955,1
2024-08-06,0.59326,0.59801,0.59127,0.59532,115739,0
2024-08-07,0.59372,0.60251,0.59314,0.59947,95652,0
2024-08-08,0.59943,0.60142,0.5977,0.60131,81684,0
2024-08-09,0.60003,0.60349,0.59902,0.59993,67588,0
2024-08-12,0.59979,0.60326,0.59891,0.60178,50756,0
2024-08-13,0.60131,0.60817,0.60131,0.6077,58719,0
2024-08-14,0.60608,0.60836,0.59948,0.59971,67575,0
2024-08-15,0.59983,0.60147,0.59743,0.59841,60524,0
2024-08-16,0.59842,0.60554,0.59785,0.60541,45029,0
2024-08-19,0.60398,0.61167,0.60366,0.61141,54402,0
2024-08-20,0.61083,0.61572,0.61039,0.61536,64389,0
2024-08-21,0.61491,0.61781,0.61323,0.6157,61915,0
2024-08-22,0.61532,0.61698,0.61275,0.61406,50373,0
2024-08-23,0.61319,0.62364,0.61269,0.62331,58987,0
2024-08-26,0.62232,0.62324,0.6197,0.62041,48208,0
2024-08-27,0.61925,0.62545,0.61896,0.62523,49545,0
2024-08-28,0.62288,0.62534,0.62161,0.62446,58930,1
2024-08-29,0.62419,0.62989,0.62357,0.62577,65440,0
2024-08-30,0.6257,0.62741,0.62297,0.6249,58260,0
2024-09-02,0.62306,0.62533,0.62207,0.62309,32711,1
2024-09-03,0.62299,0.62355,0.61797,0.61873,68020,1
2024-09-04,0.61823,0.62167,0.61688,0.6199,66128,0
2024-09-05,0.61796,0.62261,0.6178,0.62238,55375,0
2024-09-06,0.62073,0.62542,0.61557,0.61745,79620,0
2024-09-09,0.61725,0.61861,0.61244,0.61449,50181,1
2024-09-10,0.61388,0.61653,0.61314,0.61491,47509,0
2024-09-11,0.61395,0.61571,0.61061,0.61365,76336,0
2024-09-12,0.61179,0.61845,0.61082,0.61833,65093,0
2024-09-13,0.61743,0.61937,0.61519,0.6157,50255,0
2024-09-16,0.61546,0.62018,0.61541,0.62016,47295,0
2024-09-17,0.61997,0.62108,0.61756,0.61836,51900,0
2024-09-18,0.61696,0.62676,0.61696,0.62082,90426,0
2024-09-19,0.62072,0.62686,0.6181,0.62384,89610,0
2024-09-20,0.62236,0.62601,0.62099,0.62365,73595,0
2024-09-23,0.62232,0.62801,0.62213,0.62656,60811,0
2024-09-24,0.62657,0.63427,0.62589,0.63391,69373,0
2024-09-25,0.63371,0.63554,0.62596,0.62619,64224,0
2024-09-26,0.62605,0.6332,0.62523,0.63273,81421,0
2024-09-27,0.63252,0.63672,0.62957,0.63401,85400,1
2024-09-30,0.63344,0.63785,0.63329,0.63492,80012,0
2024-10-01,0.63393,0.63488,0.62645,0.62806,87379,1
2024-10-02,0.62802,0.63132,0.62578,0.62626,70487,0
2024-10-03,0.62583,0.62634,0.62101,0.62121,81219,0
2024-10-04,0.62078,0.62194,0.61453,0.61577,70475,1
2024-10-07,0.61519,0.61734,0.61123,0.61246,72708,0
2024-10-08,0.61246,0.6145,0.61069,0.61381,77919,0
2024-10-09,0.61385,0.61408,0.60525,0.60635,74797,0
2024-10-10,0.60601,0.60974,0.60507,0.60931,81327,0
2024-10-11,0.60841,0.61197,0.60814,0.61086,49789,0
2024-10-14,0.60879,0.61029,0.60698,0.60958,56590,0
2024-10-15,0.60873,0.61059,0.60735,0.60841,62725,0
2024-10-16,0.60827,0.60856,0.60394,0.60567,63896,0
2024-10-17,0.60504,0.60754,0.60443,0.60596,65711,0
2024-10-18,0.60496,0.60798,0.60482,0.60715,49044,0
2024-10-21,0.60634,0.60839,0.60279,0.60307,52977,0
2024-10-22,0.60233,0.6061,0.60195,0.60439,55537,0
2024-10-23,0.60418,0.60529,0.59911,0.60047,48273,0
2024-10-24,0.59993,0.60318,0.59891,0.60154,55709,0
2024-10-25,0.60129,0.60173,0.5974,0.59763,47484,0
2024-10-28,0.59723,0.59976,0.59577,0.59801,44136,1
2024-10-29,0.59802,0.59894,0.59534,0.59732,55743,0
2024-10-30,0.59732,0.60016,0.59503,0.59731,59963,0
2024-10-31,0.59727,0.59831,0.59399,0.59761,64688,0
2024-11-01,0.59742,0.59991,0.59582,0.59622,59625,0
2024-11-04,0.59935,0.60153,0.59706,0.59726,62472,0
2024-11-05,0.59701,0.60151,0.59665,0.60063,51214,0
2024-11-06,0.6005,0.60206,0.59119,0.59384,161024,0
2024-11-07,0.59371,0.60378,0.59283,0.60252,84784,0
2024-11-08,0.60157,0.60252,0.59471,0.59667,71040,0
2024-11-11,0.59609,0.59776,0.59374,0.59636,52096,0
2024-11-12,0.59503,0.59724,0.59095,0.59262,68521,0
2024-11-13,0.59104,0.59471,0.58759,0.58797,76318,0
2024-11-14,0.58789,0.58845,0.58391,0.58495,80261,1
2024-11-15,0.58481,0.58808,0.58387,0.58647,76448,1
2024-11-18,0.58607,0.58981,0.58361,0.58926,55346,0
2024-11-19,0.58848,0.59134,0.58741,0.59122,71001,0
2024-11-20,0.59113,0.5922,0.58639,0.58765,47480,1
2024-11-21,0.58761,0.58858,0.58496,0.58589,64993,0
2024-11-22,0.58508,0.58604,0.58163,0.58345,77984,0
2024-11-25,0.58526,0.58693,0.58355,0.5845,62336,0
2024-11-26,0.58359,0.58657,0.57966,0.58342,72873,0
2024-11-27,0.58342,0.5908,0.58248,0.58943,75791,0
2024-11-28,0.58785,0.59051,0.58666,0.58883,41073,1
2024-11-29,0.58756,0.59289,0.58756,0.59144,61127,1
2024-12-02,0.59073,0.59151,0.58637,0.5888,78764,0
2024-12-03,0.5878,0.59047,0.58642,0.58809,59424,0
2024-12-04,0.58804,0.58845,0.58287,0.58502,67369,0
2024-12-05,0.58485,0.58877,0.58465,0.58858,55912,0
2024-12-06,0.58773,0.58893,0.58211,0.58302,65856,1
2024-12-09,0.58336,0.5888,0.58042,0.58646,53841,0
2024-12-10,0.58628,0.58663,0.57912,0.57994,57254,0
2024-12-11,0.5799,0.58085,0.57613,0.57843,72021,0
2024-12-12,0.57801,0.58174,0.57622,0.57686,71046,0
2024-12-13,0.57692,0.57785,0.57535,0.57627,51681,1
2024-12-16,0.57566,0.57861,0.57522,0.57817,46451,1
2024-12-17,0.57709,0.57927,0.57498,0.57534,47801,0
2024-12-18,0.57518,0.57586,0.56197,0.56217,63155,0
2024-12-19,0.56222,0.56621,0.56079,0.56301,76167,0
2024-12-20,0.5629,0.56723,0.56126,0.56539,63507,0
2024-12-23,0.56432,0.56611,0.56318,0.5648,45073,0
2024-12-24,0.56419,0.56523,0.56248,0.56328,35197,1
2024-12-26,0.56304,0.56599,0.56209,0.56236,42845,0
2024-12-27,0.56213,0.56432,0.56135,0.56302,41682,1
2024-12-30,0.56269,0.56645,0.56182,0.5639,40224,0
2024-12-31,0.56329,0.56463,0.55877,0.55935,45655,1
2025-01-02,0.55842,0.56246,0.55819,0.55946,51854,0
2025-01-03,0.55907,0.56141,0.55868,0.56123,41320,0
2025-01-06,0.56112,0.56847,0.56069,0.56426,72562,0
2025-01-07,0.56192,0.56925,0.56192,0.56339,57816,0
2025-01-08,0.56318,0.56416,0.55894,0.5609,61223,0
2025-01-09,0.56087,0.56087,0.55718,0.55995,42502,0
2025-01-10,0.55906,0.56025,0.55428,0.55534,64292,0
2025-01-13,0.55473,0.55837,0.55414,0.55833,54303,0
2025-01-14,0.55831,0.56311,0.55739,0.56039,60691,1
2025-01-15,0.55844,0.5651,0.55844,0.56166,56351,0
2025-01-16,0.56148,0.56329,0.55818,0.56072,59935,0
2025-01-17,0.56031,0.56154,0.55632,0.55801,52499,0
2025-01-20,0.55917,0.56842,0.55791,0.56715,63705,0
2025-01-21,0.5667,0.56889,0.56165,0.56789,81234,0
2025-01-22,0.56596,0.56877,0.56393,0.56649,60580,0
2025-01-23,0.56558,0.56855,0.56465,0.56745,58435,1
2025-01-24,0.56748,0.57234,0.56676,0.57097,66812,1
2025-01-27,0.56908,0.5705,0.56765,0.56931,67386,1
2025-01-28,0.56866,0.56914,0.56479,0.56661,61251,1
2025-01-29,0.5658,0.56682,0.56341,0.56581,63418,1
2025-01-30,0.5657,0.56677,0.56225,0.56345,57085,1
2025-01-31,0.56252,0.56842,0.56199,0.56308,74756,1
2025-02-03,0.55802,0.56405,0.55161,0.56278,116951,1
2025-02-04,0.56217,0.56546,0.55817,0.56517,63990,1
2025-02-05,0.56498,0.57023,0.56307,0.56867,54840,1
2025-02-06,0.5687,0.56912,0.56516,0.56747,49875,1
2025-02-07,0.56569,0.56944,0.56402,0.56524,63723,1
2025-02-10,0.56049,0.56638,0.56027,0.56405,49343,1
2025-02-11,0.56402,0.56608,0.56286,0.56542,43696,1
2025-02-12,0.56514,0.56717,0.56004,0.56409,61361,1
2025-02-13,0.56417,0.56793,0.56228,0.56779,65003,1
2025-02-14,0.56765,0.5738,0.5664,0.57271,53978,1
2025-02-17,0.57071,0.57501,0.57067,0.57357,44053,1
2025-02-18,0.57301,0.5736,0.56939,0.57037,51268,1
2025-02-19,0.56981,0.57319,0.56777,0.57045,51967,1
2025-02-20,0.56923,0.57673,0.56923,0.57619,61828,1
2025-02-21,0.5762,0.57728,0.5735,0.57401,61136,1
2025-02-24,0.57355,0.57701,0.57293,0.57327,70315,1
2025-02-25,0.57324,0.57386,0.57062,0.57248,65599,1
2025-02-26,0.57168,0.57328,0.56883,0.56951,67206,1
2025-02-27,0.56883,0.57014,0.56292,0.56311,71162,1
2025-02-28,0.5621,0.56335,0.55852,0.55958,67228,1
2025-03-03,0.55708,0.56402,0.55708,0.56164,70610,1
2025-03-04,0.55995,0.56653,0.55952,0.56642,92275,1
2025-03-05,0.56507,0.57317,0.56318,0.57263,90415,1
2025-03-06,0.57254,0.57595,0.57199,0.57347,92699,1
2025-03-07,0.57271,0.57411,0.56951,0.57081,83759,1
2025-03-10,0.57083,0.57423,0.56903,0.56979,81166,1
2025-03-11,0.56972,0.57265,0.56774,0.57157,82745,0
2025-03-12,0.57147,0.57379,0.56978,0.57294,68622,0
2025-03-13,0.57271,0.5742,0.56824,0.56952,63426,0
2025-03-14,0.5697,0.57555,0.56911,0.57468,53792,0
2025-03-17,0.57407,0.5826,0.57404,0.58201,49800,0
2025-03-18,0.58195,0.58313,0.57953,0.58194,43210,0
2025-03-19,0.5819,0.58203,0.57709,0.58152,54282,0
2025-03-20,0.58132,0.58259,0.57231,0.57579,53591,0
2025-03-21,0.57528,0.57674,0.57245,0.57317,48790,0
2025-03-24,0.57275,0.57497,0.57096,0.57277,52657,0
2025-03-25,0.57264,0.57506,0.57111,0.57327,47007,0
2025-03-26,0.57326,0.57626,0.57144,0.57278,44832,0
2025-03-27,0.57291,0.57556,0.57118,0.57399,53783,0
2025-03-28,0.57395,0.57429,0.57113,0.57157,47962,0
2025-03-31,0.57063,0.57225,0.56486,0.56779,59830,0
2025-04-01,0.56776,0.57046,0.56629,0.57001,57408,0
2025-04-02,0.57007,0.5779,0.56878,0.57437,53038,0
2025-04-03,0.57387,0.58533,0.56816,0.5794,113283,0
2025-04-04,0.57937,0.57972,0.55516,0.55924,139676,0
2025-04-07,0.55526,0.56444,0.55065,0.5536,182434,0
2025-04-08,0.55338,0.56262,0.55142,0.55334,121630,0
2025-04-09,0.55249,0.56682,0.54852,0.56437,162856,0
2025-04-10,0.56401,0.57657,0.5628,0.57389,145961,0
2025-04-11,0.57371,0.58397,0.57255,0.58144,146059,0
2025-04-14,0.57956,0.58915,0.57956,0.5877,87722,0
2025-04-15,0.58762,0.59438,0.58448,0.58996,69244,0
2025-04-16,0.58989,0.5937,0.58865,0.59338,75119,0
2025-04-17,0.59335,0.59779,0.58997,0.59715,65166,0
2025-04-18,0.59716,0.5973,0.59241,0.59302,180691,0
2025-04-21,0.59126,0.60192,0.59126,0.60002,62696,0
2025-04-22,0.6,0.60292,0.59634,0.59639,72781,0
2025-04-23,0.59633,0.60134,0.59369,0.59451,89082,0
2025-04-24,0.59365,0.60006,0.59365,0.59969,58756,0
2025-04-25,0.59953,0.6001,0.59486,0.59604,55293,0
2025-04-28,0.59472,0.59823,0.59282,0.59788,51502,0
2025-04-29,0.59787,0.59868,0.59267,0.59296,51216,0
2025-04-30,0.59304,0.59498,0.58984,0.59336,55631,0
2025-05-01,0.59335,0.59514,0.58936,0.59062,48710,0
2025-05-02,0.59059,0.59775,0.58898,0.59447,62207,0
2025-05-05,0.59345,0.59959,0.59345,0.59669,51549,0
2025-05-06,0.59665,0.60133,0.59439,0.60072,50954,0
2025-05-07,0.60093,0.6023,0.59347,0.59401,63015,0
2025-05-08,0.594,0.59747,0.59009,0.59055,58967,0
2025-05-09,0.59048,0.59207,0.58708,0.59089,47010,0
2025-05-12,0.59176,0.59408,0.58466,0.58548,66103,0
2025-05-13,0.58549,0.59423,0.5847,0.59374,52702,0
2025-05-14,0.59369,0.59691,0.58932,0.58982,59316,0
2025-05-15,0.58976,0.5916,0.58606,0.58773,51286,0
2025-05-16,0.58766,0.59183,0.58637,0.58811,42175,0
2025-05-19,0.58802,0.59327,0.58726,0.59308,49130,0
2025-05-20,0.59299,0.5932,0.58942,0.59255,50069,0
2025-05-21,0.5925,0.5968,0.59133,0.59396,56069,0
2025-05-22,0.59388,0.59417,0.58943,0.58984,53948,0
2025-05-23,0.58984,0.59897,0.58898,0.59856,50694,0
2025-05-26,0.5982,0.60318,0.59759,0.60001,39166,0
2025-05-27,0.59987,0.60068,0.59401,0.59473,47999,0
2025-05-28,0.59476,0.59797,0.59239,0.59667,51488,0
2025-05-29,0.59664,0.59923,0.59253,0.59683,61191,0
2025-05-30,0.5947,0.59898,0.59389,0.59639,59027,0
2025-06-02,0.59528,0.6044,0.59528,0.6036,55615,0
2025-06-03,0.6026,0.60547,0.59875,0.59973,47224,0
2025-06-04,0.59825,0.60394,0.59825,0.60259,47098,0
2025-06-05,0.60214,0.60804,0.60211,0.60353,53145,0
2025-06-06,0.60342,0.60503,0.60065,0.6013,49772,0
2025-06-09,0.60082,0.60654,0.60012,0.60469,42332,0
2025-06-10,0.60444,0.60586,0.60279,0.60514,48097,0
2025-06-11,0.60452,0.60661,0.60235,0.60287,48759,0
2025-06-12,0.60241,0.60715,0.60057,0.60684,55676,0
2025-06-13,0.60682,0.60694,0.59952,0.6016,71904,0
2025-06-16,0.59982,0.60878,0.59931,0.60604,67110,0
2025-06-17,0.60593,0.60799,0.60099,0.60147,62780,0
2025-06-18,0.60232,0.60571,0.59938,0.60285,68484,0
2025-06-19,0.60084,0.60324,0.5959,0.59919,51934,0
2025-06-20,0.5971,0.60092,0.59575,0.59606,56276,0
2025-06-23,0.5943,0.59806,0.5883,0.59767,83708,0
2025-06-24,0.59318,0.6041,0.59305,0.60061,62678,0
2025-06-25,0.60004,0.60427,0.60004,0.60387,46937,0
2025-06-26,0.60184,0.60748,0.60143,0.60568,64010,0
2025-06-27,0.6038,0.60783,0.60372,0.60536,57241,0
2025-06-30,0.60385,0.60988,0.60382,0.60966,55535,0
2025-07-01,0.60749,0.61205,0.60749,0.6098,50984,0
2025-07-02,0.60778,0.61063,0.605,0.60883,53685,0
2025-07-03,0.60709,0.6093,0.603,0.60698,52073,0
2025-07-04,0.60643,0.60821,0.60477,0.60521,55628,0
2025-07-07,0.60499,0.60589,0.59884,0.59938,56960,0
2025-07-08,0.59933,0.60343,0.59793,0.59976,55480,0
2025-07-09,0.59873,0.60145,0.59759,0.59987,51158,0
2025-07-10,0.59964,0.60359,0.59849,0.60345,42573,0
2025-07-11,0.60331,0.60433,0.59993,0.6003,55253,0
2025-07-14,0.59893,0.60148,0.59686,0.59721,46193,0
2025-07-15,0.59698,0.60059,0.59383,0.59446,49437,0
2025-07-16,0.59432,0.59698,0.59125,0.59471,58143,0
2025-07-17,0.59439,0.5948,0.59045,0.5931,48800,0
2025-07-18,0.59309,0.59911,0.59242,0.59588,45441,0
2025-07-21,0.59678,0.59851,0.59384,0.5968,49220,0
2025-07-22,0.59562,0.60043,0.59403,0.60013,48843,0
2025-07-23,0.59976,0.60476,0.59684,0.60456,53996,0
2025-07-24,0.60353,0.60594,0.60261,0.60287,53564,0
2025-07-25,0.60273,0.6039,0.59979,0.6014,47374,0
2025-07-28,0.6009,0.60327,0.59663,0.59695,60477,0
2025-07-29,0.59549,0.59766,0.59425,0.59545,54090,0
2025-07-30,0.59532,0.59715,0.58887,0.58945,62043,0
2025-07-31,0.58943,0.59371,0.5888,0.58885,58401,0
2025-08-01,0.58879,0.59291,0.58564,0.59105,81115,0
2025-08-04,0.58969,0.59305,0.58969,0.59067,67880,0
2025-08-05,0.59028,0.59226,0.58811,0.59013,62688,0
2025-08-06,0.58922,0.59413,0.58903,0.5929,55639,0
2025-08-07,0.59262,0.59675,0.59211,0.59605,63009,0
2025-08-08,0.5957,0.59719,0.59389,0.59514,53607,0
2025-08-11,0.59435,0.5959,0.59249,0.59385,52069,0
2025-08-12,0.59296,0.59659,0.59129,0.59545,66806,0
2025-08-13,0.59474,0.59957,0.59404,0.59753,47652,0
2025-08-14,0.59648,0.59912,0.59084,0.59178,60118,0
2025-08-15,0.5911,0.59391,0.59049,0.59203,47205,0
2025-08-18,0.59145,0.59427,0.59097,0.59217,47595,0
2025-08-19,0.5916,0.59306,0.58911,0.58931,48596,0
2025-08-20,0.58877,0.58979,0.5815,0.58238,55772,0
2025-08-21,0.58161,0.58328,0.58108,0.58184,49137,0
2025-08-22,0.58087,0.58763,0.57998,0.58643,53973,0
2025-08-25,0.58542,0.58805,0.58454,0.58491,43978,0
2025-08-26,0.58461,0.5868,0.58289,0.58604,50956,0
2025-08-27,0.58576,0.58652,0.58181,0.58581,43230,0
2025-08-28,0.58558,0.58919,0.5828,0.58839,45393,0
2025-08-29,0.58818,0.59058,0.58786,0.58933,44393,0
2025-09-01,0.58771,0.59147,0.58771,0.5903,37508,0
2025-09-02,0.58911,0.59076,0.58377,0.58651,58791,0
2025-09-03,0.58634,0.58836,0.58413,0.58789,51495,0
2025-09-04,0.58778,0.58897,0.58326,0.58462,46972,0
2025-09-05,0.58372,0.59179,0.58372,0.58893,52858,0
2025-09-08,0.58798,0.59456,0.58718,0.594,48065,0
2025-09-09,0.59377,0.59599,0.59226,0.59252,49843,0
2025-09-10,0.5922,0.59639,0.59209,0.59396,53038,0
2025-09-11,0.59354,0.59798,0.5914,0.59771,58553,0
2025-09-12,0.59716,0.59789,0.59399,0.59527,44006,0
2025-09-15,0.59358,0.5975,0.59358,0.59705,41685,0
2025-09-16,0.59685,0.59908,0.59386,0.59877,43874,0
2025-09-17,0.59722,0.60073,0.59481,0.59616,45220,0
2025-09-18,0.59543,0.59654,0.58722,0.58823,55462,0
2025-09-19,0.58808,0.58919,0.58535,0.5855,49317,0
2025-09-22,0.58525,0.58715,0.58424,0.58681,46169,0
2025-09-23,0.58514,0.58698,0.58451,0.58584,47126,0
2025-09-24,0.58419,0.5866,0.58082,0.58135,43271,0
2025-09-25,0.58077,0.58314,0.57586,0.57671,48876,0
2025-09-26,0.57675,0.5776,0.57542,0.57717,46483,0
2025-09-29,0.57712,0.57959,0.57632,0.57768,43364,0
2025-09-30,0.57744,0.58078,0.57692,0.57935,50685,0
2025-10-01,0.57916,0.58312,0.5786,0.58166,56620,0
2025-10-02,0.57971,0.5843,0.57971,0.58167,45748,0
2025-10-03,0.58107,0.58383,0.58044,0.58273,42923,0
2025-10-06,0.58106,0.58452,0.57978,0.58419,51370,0
2025-10-07,0.58327,0.58424,0.57937,0.5799,47506,0
2025-10-08,0.57982,0.58019,0.57368,0.57869,54771,0
2025-10-09,0.57859,0.58064,0.57338,0.57444,53613,0
2025-10-10,0.57448,0.57584,0.5715,0.57168,58257,0
2025-10-13,0.57325,0.57452,0.57187,0.57254,53869,0
2025-10-14,0.57244,0.57287,0.56827,0.57149,56501,0
2025-10-15,0.57055,0.57319,0.57055,0.5724,46744,0
2025-10-16,0.57042,0.57557,0.57042,0.57246,53645,0
2025-10-17,0.57227,0.57431,0.57117,0.5724,55962,0
2025-10-20,0.57205,0.57532,0.5717,0.57438,38843,0
2025-10-21,0.57406,0.57522,0.57099,0.57407,46440,0
2025-10-22,0.57196,0.5761,0.57196,0.57384,46385,0
2025-10-23,0.57311,0.57553,0.57245,0.57522,34852,0
2025-10-24,0.57474,0.57746,0.57383,0.57461,40781,0
2025-10-27,0.57738,0.57741,0.57504,0.57687,41099,0
2025-10-28,0.57675,0.57894,0.57545,0.57807,37130,0
2025-10-29,0.57794,0.58016,0.5749,0.57632,55265,0
2025-10-30,0.57626,0.57885,0.5726,0.5742,52126,0
2025-10-31,0.57406,0.5745,0.57139,0.572,41072,0
2025-11-03,0.57192,0.57303,0.56925,0.57068,37605,0
2025-11-04,0.57036,0.57092,0.56347,0.56427,46662,0
2025-11-05,0.56429,0.56656,0.56278,0.56622,46023,0
2025-11-06,0.56517,0.56702,0.56259,0.5635,48945,0
2025-11-07,0.56316,0.56408,0.56062,0.56238,46863,0
2025-11-10,0.56281,0.56505,0.56204,0.56446,41048,0
2025-11-11,0.56416,0.5669,0.56312,0.56539,35260,0
2025-11-12,0.56533,0.56709,0.56455,0.56658,37373,0
2025-11-13,0.56658,0.56826,0.56348,0.56532,53958,0
2025-11-14,0.5652,0.56917,0.56268,0.56772,52829,0
2025-11-17,0.56729,0.5689,0.56488,0.56572,46187,0
2025-11-18,0.56537,0.56752,0.56383,0.56573,56871,0
2025-11-19,0.56571,0.56619,0.55899,0.56034,54329,0
2025-11-20,0.56005,0.56388,0.55823,0.55829,61564,0
2025-11-21,0.5585,0.56158,0.55765,0.56096,64425,0
2025-11-24,0.56063,0.56149,0.5584,0.56104,43628,0
2025-11-25,0.561,0.56286,0.55915,0.56194,50741,0
2025-11-26,0.56195,0.57014,0.56127,0.56985,61178,0
2025-11-27,0.56977,0.57319,0.56883,0.57286,34929,0
2025-11-28,0.57278,0.57438,0.57039,0.57296,129506,0
2025-12-01,0.57235,0.57516,0.57231,0.57286,44312,0
2025-12-02,0.57208,0.57447,0.57112,0.57372,33171,0
2025-12-03,0.57313,0.57778,0.57299,0.57736,41113,0
2025-12-04,0.57725,0.57788,0.5758,0.57615,38515,0
2025-12-05,0.57581,0.5787,0.57561,0.57731,41409,0
2025-12-08,0.57655,0.57926,0.57585,0.57751,48583,0
2025-12-09,0.57721,0.57949,0.57675,0.5781,53815,0
2025-12-10,0.57687,0.58248,0.57614,0.58156,56630,0
2025-12-11,0.58142,0.58313,0.57879,0.58083,59498,0
2025-12-12,0.58039,0.58207,0.57878,0.57986,53614,0
2025-12-15,0.57902,0.58086,0.57653,0.57826,52652,0
2025-12-16,0.57673,0.58071,0.57581,0.57827,61726,0
2025-12-17,0.57723,0.57941,0.57673,0.57734,58652,0
2025-12-18,0.57665,0.57881,0.57543,0.57752,60910,0
2025-12-19,0.57653,0.57835,0.57359,0.57532,50705,0
2025-12-22,0.5741,0.58014,0.57379,0.57948,51817,0
2025-12-23,0.57842,0.58431,0.57842,0.58409,60430,0
2025-12-24,0.58262,0.58532,0.58184,0.58322,54849,0
2025-12-26,0.58377,0.58425,0.58152,0.5816,48218,0
2025-12-29,0.58209,0.58337,0.57898,0.58035,56348,0
2025-12-30,0.57947,0.58196,0.57883,0.57923,44337,0
2025-12-31,0.579,0.57922,0.574,0.57557,48516,0
2026-01-02,0.57587,0.5778,0.57513,0.57667,48400,0
2026-01-05,0.57449,0.57921,0.57302,0.57885,62954,0
2026-01-06,0.57864,0.58105,0.57686,0.57841,56340,0
2026-01-07,0.57828,0.57933,0.57696,0.57724,54715,0
2026-01-08,0.57666,0.57754,0.57374,0.57507,50929,0
2026-01-09,0.57494,0.57497,0.57462,0.5747,13,48
